﻿{
  "environments": [
    {
      "environment": "AzureSphere"
    }
  ],
  "configurations": [
    {
      "name": "ARM-Debug",
      "generator": "Ninja",
      "configurationType": "Debug",
      "inheritEnvironments": [
        "AzureSphere"
      ],
      "buildRoot": "${projectDir}\\out\\${name}",
      "installRoot": "${projectDir}\\install\\${name}",
      "cmakeToolchain": "${env.AzureSphereDefaultSDKDir}CMakeFiles\\AzureSphereToolchain.cmake",
      "buildCommandArgs": "-v",
      "ctestCommandArgs": "",
      "variables": [
        {
          "name": "AZURE_SPHERE_TARGET_API_SET",
          "value": "latest-lts"
        }
      ]
    },
    {
      "name": "ARM-Release",
      "generator": "Ninja",
      "configurationType": "Release",
      "inheritEnvironments": [
        "AzureSphere"
      ],
      "buildRoot": "${projectDir}\\out\\${name}",
      "installRoot": "${projectDir}\\install\\${name}",
      "cmakeToolchain": "${env.AzureSphereDefaultSDKDir}CMakeFiles\\AzureSphereToolchain.cmake",
      "buildCommandArgs": "-v",
      "ctestCommandArgs": "",
      "variables": [
        {
          "name": "AZURE_SPHERE_TARGET_API_SET",
          "value": "latest-lts"
        }
      ]
    }
  ]
}